image_id,generated_text
000000000785,"The image shows a person skiing down a snowy slope. They are wearing a red jacket, black pants, and blue ski boots. The skier is holding ski poles and appears to be in motion, gliding down the slope."
000000000872,"The image shows two baseball players on a field, one in a white uniform and the other in a green uniform. The player in the white uniform is running towards the base, while the player in the green uniform is holding a baseball glove and appears to be trying to catch a ball. The background features green trees and a dirt path."
000000001296,The image shows a woman holding a Hello Kitty-themed phone case while looking at her phone. She is wearing a white sleeveless top with ruffled shoulders and a green bracelet. The background appears to be a crowd of people.
000000002149,"The image shows a bowl filled with green apples. The apples are arranged in a pile, and the bowl is white."
000000007784,The image shows a parasail flying in the clear blue sky. The parasail has a red and white design with black accents and is attached to a string.
000000010363,"The image shows a cat standing on the hood of a car in a garage. The cat has a striped coat and is wearing a collar. The garage has various items, including a bicycle, a box, and some tools."
000000010764,"The image shows a baseball catcher in a crouched position on the field, ready to catch a pitch. He is wearing a black and white uniform, a helmet, and a catcher's mitt. The background features a well-maintained grassy field."
000000011051,"The image shows a young man and woman dressed in formal attire, likely preparing for a prom or a similar event. The woman is adjusting the man's tie, and they both appear to be smiling and enjoying the moment."
000000011699,"The image shows two people standing on a train platform, with one person wearing a red shirt and the other wearing a blue shirt. They are both carrying luggage and appear to be waiting for a train."
000000029397,"The image shows a wooden bench with a blue sign on it. The sign has text that reads, ""WE NEED YOU. You're Gonna Be Stagnant."" The bench is placed on a brick-paved surface, and there are two legs of a person wearing orange pants and blue shoes standing on the bench. The background features a concrete wall with some graffiti."
000000032081,"The image shows a female tennis player in action on a grass court, wearing a white outfit and holding a tennis racket. She is in the middle of a serve, with her racket raised above her head."
000000040036,"A person is riding a brown horse over a wooden obstacle, wearing a helmet and a saddle blanket labeled ""Lisbon."" The horse is jumping over a fence, showcasing its agility and skill."
000000047121,"A black and white cat is drinking water from a sink faucet, which is turned on. The cat is positioned near a soap dish and a bottle of lotion."
000000047585,"The image shows a bride and groom standing in front of a house, holding an umbrella. The bride is wearing a white wedding dress and holding a bouquet of flowers. The groom is wearing a black suit and tie. There are other people in the background, and the scene appears to be set in a garden or outdoor area."
000000052017,"The image shows a small, yellow airplane with red accents and the registration number ""SP-AWF"" on its side. The airplane is in flight against a cloudy sky."
000000052891,"A dog with a mix of white and gray fur is standing on a sandy beach, holding a yellow frisbee in its mouth. The ocean is visible in the background, and there are a few people in the distance."
000000061747,"The image shows a woman skiing on a snowy slope. She is wearing a purple jacket, plaid pants, and a helmet. She is holding ski poles and smiling at the camera. The background features a forested area and a mountainous landscape."
000000072813,"The image shows a brown dog lying on a bed with a white sheet. The dog has a red collar and is looking directly at the camera. The bed has a red pillow and a multicolored blanket draped over it. In the background, there is a television and some other items on a table."
000000078823,"The image shows a dog wearing a red bandana sitting on the back of a brown Alfa Romeo car in a parking lot. The car has a license plate with the number ""LMKH161"". The background features a building with a corrugated metal exterior and a tree."
000000297353,"The image shows a man playing an electric guitar on top of a bed in a bedroom. The room has a warm, cozy atmosphere with a lamp on a nightstand, a framed picture on the wall, and a bed with a purple bedspread."
000000297595,"A person is surfing on a wave in the ocean, with the wave breaking to the left of them. The sky is clear and blue."
000000301867,"The image shows three women standing on a stone staircase, with one holding an umbrella and the other two carrying handbags. They appear to be laughing and enjoying each other's company."
000000302990,"The image shows a surfer riding a wave on a surfboard, with another surfer in the background. The surfer is wearing a black wetsuit and appears to be in motion, with water splashing around them."
000000303499,"The image shows two individuals dressed in red robes, riding horses in front of a grand building with a flagpole."
000000304560,"The image features a black cat sitting on a grassy patch, with its head turned slightly to the side. The cat appears to be in a relaxed state, with its eyes wide open and a calm expression. The background is a mix of green and brown grass, indicating a natural outdoor setting."
000000308165,"A skateboarder is performing a trick in mid-air over a sand pit, with a clear blue sky and palm trees in the background."
000000309452,"The image features a vibrant yellow bird with a black head and red throat, perched on a branch amidst lush green foliage. The bird's striking colors contrast beautifully with the surrounding greenery, creating a visually appealing scene."
000000309964,"The image shows a man and a woman sitting under a blue tent, both wearing sunglasses and casual clothing. They are surrounded by various camping supplies, including coolers, a bucket, and a backpack. The tent is set up on a grassy area, and there is a car and a building visible in the background."
000000311180,The image shows a hand holding a pair of green-handled scissors with a silver blade. The background appears to be an outdoor setting with some greenery and possibly a garden or yard.
000000311394,The image shows a baby wearing overalls and holding a toothbrush.
000000311518,"The image shows a green rowboat floating on calm water near a grassy area with tall reeds. In the background, there are modern buildings with glass facades."
000000311928,"A young boy wearing a white shirt and a baseball cap is swinging a bat, preparing to hit a baseball that is flying towards him. The background shows a grassy field with some bushes."
000000311950,"The image shows a hot dog with condiments, placed on a white surface covered with colorful confetti. The hot dog is topped with mustard and ketchup, and the confetti is scattered around it."
000000313034,"The image shows a man and a woman in a cozy room, with the woman holding a piece of cake and the man smiling. The room has a vintage feel, with floral wallpaper, a wooden door, and various decorative items on the shelves."
000000313783,"The image shows a plate with a grilled meat patty, a side of diced carrots, and a serving of mashed potatoes. There is also a fork placed on the plate."
000000322163,"The image shows a busy kitchen scene with several people working. One man is preparing food on a counter, while another man is standing in the background. There are also other people in the background, some of whom are sitting at a table. The kitchen has various appliances and equipment, including ovens and a refrigerator. The atmosphere appears to be active and bustling, with people engaged in different tasks."
000000327601,"The image shows a woman sitting on a modern chair with a blue dress, wearing a bracelet and a ring. She is next to a tall vase with a unique design. The setting appears to be indoors, with a window and a door visible in the background."
000000329455,"The image shows a large, long pizza with pepperoni toppings on a wooden cutting board, placed on a dining table. There are several white plates and glasses on the table, and a person wearing a black t-shirt with a design is sitting nearby. The setting appears to be a casual dining environment."
000000334530,"The image captures a surfer riding a powerful wave, with the surfer's surfboard cutting through the water and creating a spray of water. The wave is large and blue-green, and the surfer is wearing a black wetsuit. The photograph is credited to Paul Bocquet and Nicolas Risch Photography."
000000335450,"The image shows two brown horses standing in a grassy field with a fence in the foreground. The sky is partly cloudy, and there are other horses in the background."
000000337055,The image shows a woman sitting on a blue suitcase on a railroad track. She has tattoos on her legs and is wearing a white blouse with a black skirt. The setting appears to be a rural or semi-rural area with grass and tracks in the background.
000000346905,"The image features three elephants, with one adult and two younger ones, standing together in a natural setting. The adult elephants are larger and have long trunks, while the younger ones are smaller and have shorter trunks. The background is filled with green foliage, indicating a forested or jungle-like environment."
000000347930,The image shows a dog sitting on a couch with a colorful pillow featuring chili peppers on it. The dog is wearing a red collar and appears to be looking at the camera. The couch has a textured fabric and is positioned against a white wall.
000000348488,"The image depicts a traditional Greek vase with a black and gold design featuring a chariot drawn by four black horses. The vase has a detailed depiction of the chariot and horses, showcasing the artistic style of ancient Greek pottery."
000000348708,"The image shows a white bowl with some food remnants on a wooden surface, next to a ripe banana."
000000350679,"A bride and groom are cutting a wedding cake together, surrounded by guests. The cake is decorated with a hot dog and mustard theme."
000000353051,"In the image, a person with blue hair and red boots is leaning over to pet a brown horse grazing in a lush green field. The horse is surrounded by purple flowers and a wooden fence. The scene is set in a serene, natural environment."
000000353970,The image shows a gray cat with green eyes sitting on a wooden chair. The cat is lying down and appears to be resting or observing its surroundings.
000000355905,"The image shows a white dog with a chain collar walking on a sandy beach near the ocean. The dog appears to be in motion, possibly running or walking, with its tail raised and ears perked up. The background features the ocean with waves crashing onto the shore."
000000360661,"The image shows a horse race taking place on a beach, with three jockeys riding brown horses. One of the jockeys is wearing a white helmet with a blue star design, while the other two are wearing red helmets. The horses are galloping on a sandy beach, with the ocean visible in the background."
000000361571,"The image shows a dog wearing a beige hat, with its mouth open and tongue out, set against a grassy background."
000000364126,"A surfer is riding a wave on a surfboard, wearing a white shirt and blue shorts. The wave is breaking, and the surfer is skillfully maneuvering to stay on the board."
000000374551,"The image shows a small bird perched on a branch, with a blurred background that appears to be a rocky or sandy surface. The bird has a grey and brown plumage, and its beak is pointed and sharp."
000000383337,"The image shows a person reaching for a doughnut from a box, with another box containing more doughnuts nearby."
